{
    "link_overlap": {
        "average": 0.0,
        "on_runs": [
            0,
            0,
            0,
            0,
            0
        ]
    },
    "new_posts": {
        "DataTau": [
            0,
            0,
            1,
            3
        ],
        "HackerNews": [
            0,
            0,
            18,
            16
        ]
    },
    "nr_of_comments": {
        "average": {
            "DataTau": 1.3466666666666667,
            "HackerNews": 51.763513513513516
        },
        "highest": {
            "DataTau": 9,
            "HackerNews": 424
        },
        "on_runs": {
            "DataTau": [
                1.3333333333333333,
                1.3333333333333333,
                1.3333333333333333,
                1.4,
                1.3333333333333333
            ],
            "HackerNews": [
                51.833333333333336,
                51.833333333333336,
                51.93333333333333,
                60.206896551724135,
                43.0
            ]
        }
    },
    "post_ages": {
        "average": {
            "DataTau": 125.36666666666666,
            "HackerNews": 9.767567567567568
        },
        "highest": {
            "DataTau": 312,
            "HackerNews": 24
        },
        "on_runs": {
            "DataTau": [
                122.23333333333333,
                122.23333333333333,
                122.23333333333333,
                135.16666666666666,
                124.96666666666667
            ],
            "HackerNews": [
                12.366666666666667,
                12.366666666666667,
                12.4,
                6.710344827586207,
                4.724137931034483
            ]
        }
    },
    "scores": {
        "average": {
            "DataTau": 8.32,
            "HackerNews": 126.20945945945945
        },
        "highest": {
            "DataTau": 21,
            "HackerNews": 552
        },
        "on_runs": {
            "DataTau": [
                8.133333333333333,
                8.133333333333333,
                8.133333333333333,
                8.6,
                8.6
            ],
            "HackerNews": [
                129.7,
                129.7,
                129.96666666666667,
                138.06896551724137,
                103.24137931034483
            ]
        }
    }
}