{
    "link_overlap": {
        "average": 0.0,
        "on_runs": [
            0,
            0,
            0,
            0,
            0
        ]
    },
    "new_posts": {
        "DataTau": [
            0,
            1,
            4,
            0
        ],
        "HackerNews": [
            18,
            19,
            15,
            4
        ]
    },
    "nr_of_comments": {
        "average": {
            "DataTau": 1.36,
            "HackerNews": 8.213793103448277
        },
        "highest": {
            "DataTau": 15,
            "HackerNews": 57
        },
        "on_runs": {
            "DataTau": [
                1.4,
                1.4,
                1.7333333333333334,
                1.0666666666666667,
                1.2
            ],
            "HackerNews": [
                9.241379310344827,
                11.068965517241379,
                7.344827586206897,
                5.724137931034483,
                7.689655172413793
            ]
        }
    },
    "post_ages": {
        "average": {
            "DataTau": 163.88,
            "HackerNews": 6.6065517241379315
        },
        "highest": {
            "DataTau": 528,
            "HackerNews": 19
        },
        "on_runs": {
            "DataTau": [
                172.23333333333332,
                174.1,
                191.9,
                140.03333333333333,
                141.13333333333333
            ],
            "HackerNews": [
                8.12241379310345,
                6.050574712643678,
                5.445977011494253,
                5.724137931034483,
                7.689655172413793
            ]
        }
    },
    "scores": {
        "average": {
            "DataTau": 10.786666666666667,
            "HackerNews": 110.21379310344828
        },
        "highest": {
            "DataTau": 23,
            "HackerNews": 780
        },
        "on_runs": {
            "DataTau": [
                10.833333333333334,
                10.9,
                11.533333333333333,
                10.133333333333333,
                10.533333333333333
            ],
            "HackerNews": [
                105.48275862068965,
                100.13793103448276,
                101.48275862068965,
                109.58620689655173,
                134.3793103448276
            ]
        }
    }
}