{
    "link_overlap": {
        "average": 0.0,
        "on_runs": [
            0,
            0,
            0,
            0,
            0,
            0,
            0,
            0,
            0
        ]
    },
    "new_posts": {
        "DataTau": [
            0,
            0,
            0,
            0,
            0,
            0,
            0,
            0
        ],
        "HackerNews": [
            1,
            1,
            2,
            3,
            11,
            11,
            4,
            8
        ]
    },
    "nr_of_comments": {
        "average": {
            "DataTau": 2.6,
            "HackerNews": 10.703846153846154
        },
        "highest": {
            "DataTau": 16,
            "HackerNews": 56
        },
        "on_runs": {
            "DataTau": [
                2.6,
                2.6,
                2.6,
                2.6,
                2.6,
                2.6,
                2.6,
                2.6,
                2.6
            ],
            "HackerNews": [
                12.620689655172415,
                13.206896551724139,
                13.827586206896552,
                13.827586206896552,
                13.827586206896552,
                9.275862068965518,
                6.642857142857143,
                5.758620689655173,
                7.206896551724138
            ]
        }
    },
    "post_ages": {
        "average": {
            "DataTau": 155.64444444444445,
            "HackerNews": 10.22269230769231
        },
        "highest": {
            "DataTau": 432,
            "HackerNews": 24
        },
        "on_runs": {
            "DataTau": [
                152.0,
                152.8,
                152.8,
                153.6,
                153.6,
                155.2,
                157.6,
                160.8,
                162.4
            ],
            "HackerNews": [
                12.620689655172415,
                13.206896551724139,
                13.827586206896552,
                14.620689655172415,
                13.827586206896552,
                9.275862068965518,
                5.273214285714286,
                4.991954022988505,
                4.189080459770115
            ]
        }
    },
    "scores": {
        "average": {
            "DataTau": 10.52962962962963,
            "HackerNews": 136.3653846153846
        },
        "highest": {
            "DataTau": 23,
            "HackerNews": 1105
        },
        "on_runs": {
            "DataTau": [
                10.5,
                10.5,
                10.5,
                10.5,
                10.533333333333333,
                10.533333333333333,
                10.566666666666666,
                10.566666666666666,
                10.566666666666666
            ],
            "HackerNews": [
                148.51724137931035,
                152.31034482758622,
                157.0344827586207,
                160.0,
                162.44827586206895,
                142.6551724137931,
                110.89285714285714,
                109.20689655172414,
                83.34482758620689
            ]
        }
    }
}