{
    "link_overlap": {
        "average": 0.0,
        "on_runs": [
            0,
            0,
            0,
            0,
            0,
            0,
            0,
            0,
            0,
            0,
            0,
            0,
            0,
            0,
            0,
            0,
            0,
            0,
            0,
            0
        ]
    },
    "new_posts": {
        "DataTau": [
            0,
            0,
            0,
            0,
            0,
            0,
            0,
            0,
            0,
            0,
            1,
            0,
            0,
            1,
            0,
            0,
            0,
            0,
            0
        ],
        "HackerNews": [
            1,
            1,
            2,
            3,
            11,
            11,
            4,
            8,
            6,
            4,
            1,
            1,
            2,
            1,
            5,
            5,
            2,
            1,
            4
        ]
    },
    "nr_of_comments": {
        "average": {
            "DataTau": 2.565,
            "HackerNews": 9.398963730569948
        },
        "highest": {
            "DataTau": 16,
            "HackerNews": 59
        },
        "on_runs": {
            "DataTau": [
                2.6,
                2.6,
                2.6,
                2.6,
                2.6,
                2.6,
                2.6,
                2.6,
                2.6,
                2.6,
                2.6,
                2.5,
                2.5,
                2.5,
                2.533333333333333,
                2.533333333333333,
                2.533333333333333,
                2.533333333333333,
                2.533333333333333,
                2.533333333333333
            ],
            "HackerNews": [
                12.620689655172415,
                13.206896551724139,
                13.827586206896552,
                13.827586206896552,
                13.827586206896552,
                9.275862068965518,
                6.642857142857143,
                5.758620689655173,
                7.206896551724138,
                9.931034482758621,
                6.793103448275862,
                7.379310344827586,
                6.620689655172414,
                7.172413793103448,
                8.0,
                7.724137931034483,
                10.172413793103448,
                9.0,
                9.517241379310345,
                9.379310344827585
            ]
        }
    },
    "post_ages": {
        "average": {
            "DataTau": 160.48,
            "HackerNews": 8.897121473805411
        },
        "highest": {
            "DataTau": 432,
            "HackerNews": 24
        },
        "on_runs": {
            "DataTau": [
                152.0,
                152.8,
                152.8,
                153.6,
                153.6,
                155.2,
                157.6,
                160.8,
                162.4,
                164.0,
                164.0,
                155.2,
                156.0,
                157.6,
                168.0,
                168.0,
                168.0,
                168.0,
                168.8,
                171.2
            ],
            "HackerNews": [
                12.620689655172415,
                13.206896551724139,
                13.827586206896552,
                14.620689655172415,
                13.827586206896552,
                9.275862068965518,
                5.273214285714286,
                4.991954022988505,
                4.189080459770115,
                4.064942528735632,
                4.860344827586206,
                5.819540229885057,
                7.413793103448276,
                7.9655172413793105,
                8.793103448275861,
                7.724137931034483,
                9.066666666666666,
                9.793103448275861,
                10.310344827586206,
                10.172413793103448
            ]
        }
    },
    "scores": {
        "average": {
            "DataTau": 10.595,
            "HackerNews": 115.63730569948187
        },
        "highest": {
            "DataTau": 23,
            "HackerNews": 1169
        },
        "on_runs": {
            "DataTau": [
                10.5,
                10.5,
                10.5,
                10.5,
                10.533333333333333,
                10.533333333333333,
                10.566666666666666,
                10.566666666666666,
                10.566666666666666,
                10.566666666666666,
                10.566666666666666,
                10.3,
                10.333333333333334,
                10.366666666666667,
                10.833333333333334,
                10.833333333333334,
                10.833333333333334,
                10.833333333333334,
                10.833333333333334,
                10.833333333333334
            ],
            "HackerNews": [
                148.51724137931035,
                152.31034482758622,
                157.0344827586207,
                160.0,
                162.44827586206895,
                142.6551724137931,
                110.89285714285714,
                109.20689655172414,
                83.34482758620689,
                54.758620689655174,
                61.96551724137931,
                70.34482758620689,
                114.79310344827586,
                111.86206896551724,
                116.20689655172414,
                74.37931034482759,
                115.65517241379311,
                120.86206896551724,
                124.44827586206897,
                120.89655172413794
            ]
        }
    }
}