{
    "link_overlap": {
        "average": 0.375,
        "on_runs": [
            0,
            0,
            0,
            0,
            0,
            0,
            0,
            0,
            0,
            0,
            1,
            1,
            1,
            1,
            1,
            1
        ]
    },
    "new_posts": {
        "DataTau": [
            0,
            1,
            4,
            0,
            1,
            0,
            0,
            1,
            1,
            1,
            2,
            0,
            0,
            0,
            0
        ],
        "HackerNews": [
            18,
            19,
            15,
            4,
            5,
            4,
            3,
            14,
            19,
            17,
            15,
            15,
            6,
            6,
            14
        ]
    },
    "nr_of_comments": {
        "average": {
            "DataTau": 1.6979166666666667,
            "HackerNews": 8.230603448275861
        },
        "highest": {
            "DataTau": 25,
            "HackerNews": 57
        },
        "on_runs": {
            "DataTau": [
                1.4,
                1.4,
                1.7333333333333334,
                1.0666666666666667,
                1.2,
                1.3666666666666667,
                1.4,
                1.4,
                1.5333333333333334,
                1.6666666666666667,
                1.9333333333333333,
                2.1,
                2.1333333333333333,
                2.2,
                2.3,
                2.3333333333333335
            ],
            "HackerNews": [
                9.241379310344827,
                11.068965517241379,
                7.344827586206897,
                5.724137931034483,
                7.689655172413793,
                9.448275862068966,
                10.96551724137931,
                12.482758620689655,
                11.241379310344827,
                6.896551724137931,
                5.448275862068965,
                5.448275862068965,
                4.586206896551724,
                7.517241379310345,
                8.89655172413793,
                7.689655172413793
            ]
        }
    },
    "post_ages": {
        "average": {
            "DataTau": 136.5775,
            "HackerNews": 7.159913793103448
        },
        "highest": {
            "DataTau": 528,
            "HackerNews": 24
        },
        "on_runs": {
            "DataTau": [
                172.23333333333332,
                174.1,
                191.9,
                140.03333333333333,
                141.13333333333333,
                127.26666666666667,
                129.96666666666667,
                132.66666666666666,
                124.96666666666667,
                134.86666666666667,
                128.70666666666665,
                114.0,
                115.1,
                117.0,
                119.7,
                121.6
            ],
            "HackerNews": [
                8.12241379310345,
                6.050574712643678,
                5.445977011494253,
                5.724137931034483,
                7.689655172413793,
                9.448275862068966,
                10.96551724137931,
                13.275862068965518,
                8.236781609195402,
                4.014367816091954,
                3.651149425287356,
                3.8885057471264366,
                4.586206896551724,
                7.517241379310345,
                8.89655172413793,
                7.045402298850575
            ]
        }
    },
    "scores": {
        "average": {
            "DataTau": 10.333333333333334,
            "HackerNews": 120.72413793103448
        },
        "highest": {
            "DataTau": 23,
            "HackerNews": 1140
        },
        "on_runs": {
            "DataTau": [
                10.833333333333334,
                10.9,
                11.533333333333333,
                10.133333333333333,
                10.533333333333333,
                10.133333333333333,
                10.266666666666667,
                10.366666666666667,
                9.933333333333334,
                10.5,
                10.133333333333333,
                9.866666666666667,
                10.033333333333333,
                10.033333333333333,
                10.066666666666666,
                10.066666666666666
            ],
            "HackerNews": [
                105.48275862068965,
                100.13793103448276,
                101.48275862068965,
                109.58620689655173,
                134.3793103448276,
                152.3448275862069,
                154.82758620689654,
                175.3793103448276,
                167.72413793103448,
                66.0,
                84.37931034482759,
                117.06896551724138,
                110.58620689655173,
                124.48275862068965,
                125.13793103448276,
                102.58620689655173
            ]
        }
    }
}