{
    "link_overlap": {
        "average": 0.0,
        "on_runs": [
            0,
            0,
            0,
            0,
            0,
            0,
            0,
            0,
            0,
            0
        ]
    },
    "new_posts": {
        "DataTau": [
            0,
            0,
            0,
            0,
            0,
            0,
            0,
            0,
            0
        ],
        "HackerNews": [
            0,
            1,
            0,
            2,
            0,
            0,
            0,
            1,
            0
        ]
    },
    "nr_of_comments": {
        "average": {
            "DataTau": 1.2666666666666666,
            "HackerNews": 75.12413793103448
        },
        "highest": {
            "DataTau": 9,
            "HackerNews": 369
        },
        "on_runs": {
            "DataTau": [
                1.2666666666666666,
                1.2666666666666666,
                1.2666666666666666,
                1.2666666666666666,
                1.2666666666666666,
                1.2666666666666666,
                1.2666666666666666,
                1.2666666666666666,
                1.2666666666666666,
                1.2666666666666666
            ],
            "HackerNews": [
                76.37931034482759,
                76.37931034482759,
                76.93103448275862,
                76.93103448275862,
                73.20689655172414,
                73.20689655172414,
                73.34482758620689,
                73.34482758620689,
                75.75862068965517,
                75.75862068965517
            ]
        }
    },
    "post_ages": {
        "average": {
            "DataTau": 125.22666666666667,
            "HackerNews": 11.220689655172414
        },
        "highest": {
            "DataTau": 312,
            "HackerNews": 23
        },
        "on_runs": {
            "DataTau": [
                125.2,
                125.2,
                125.23333333333333,
                125.23333333333333,
                125.23333333333333,
                125.23333333333333,
                125.23333333333333,
                125.23333333333333,
                125.23333333333333,
                125.23333333333333
            ],
            "HackerNews": [
                11.413793103448276,
                11.413793103448276,
                11.551724137931034,
                11.551724137931034,
                10.89655172413793,
                10.89655172413793,
                10.96551724137931,
                10.96551724137931,
                11.275862068965518,
                11.275862068965518
            ]
        }
    },
    "scores": {
        "average": {
            "DataTau": 8.366666666666667,
            "HackerNews": 166.15172413793104
        },
        "highest": {
            "DataTau": 21,
            "HackerNews": 684
        },
        "on_runs": {
            "DataTau": [
                8.366666666666667,
                8.366666666666667,
                8.366666666666667,
                8.366666666666667,
                8.366666666666667,
                8.366666666666667,
                8.366666666666667,
                8.366666666666667,
                8.366666666666667,
                8.366666666666667
            ],
            "HackerNews": [
                167.41379310344828,
                167.41379310344828,
                169.58620689655172,
                169.58620689655172,
                163.17241379310346,
                163.17241379310346,
                163.51724137931035,
                163.51724137931035,
                167.06896551724137,
                167.06896551724137
            ]
        }
    }
}