{
    "link_overlap": {
        "average": 0.1875,
        "on_runs": [
            0,
            0,
            0,
            0,
            0,
            0,
            0,
            0,
            0,
            0,
            1,
            1,
            1,
            1,
            1,
            1,
            0,
            0,
            0,
            0,
            0,
            0,
            0,
            0,
            0,
            0,
            0,
            0,
            0,
            0,
            0,
            0
        ]
    },
    "new_posts": {
        "DataTau": [
            0,
            1,
            4,
            0,
            1,
            0,
            0,
            1,
            1,
            1,
            2,
            0,
            0,
            0,
            0,
            0,
            0,
            0,
            0,
            0,
            0,
            0,
            0,
            0,
            0,
            0,
            0,
            1,
            0,
            0,
            1
        ],
        "HackerNews": [
            18,
            19,
            15,
            4,
            5,
            4,
            3,
            14,
            19,
            17,
            15,
            15,
            6,
            6,
            14,
            6,
            16,
            18,
            16,
            5,
            6,
            5,
            3,
            3,
            8,
            15,
            20,
            8,
            6,
            5,
            5
        ]
    },
    "nr_of_comments": {
        "average": {
            "DataTau": 2.1333333333333333,
            "HackerNews": 8.810436634717785
        },
        "highest": {
            "DataTau": 28,
            "HackerNews": 59
        },
        "on_runs": {
            "DataTau": [
                1.4,
                1.4,
                1.7333333333333334,
                1.0666666666666667,
                1.2,
                1.3666666666666667,
                1.4,
                1.4,
                1.5333333333333334,
                1.6666666666666667,
                1.9333333333333333,
                2.1,
                2.1333333333333333,
                2.2,
                2.3,
                2.3333333333333335,
                2.3333333333333335,
                2.3666666666666667,
                2.4,
                2.533333333333333,
                2.566666666666667,
                2.566666666666667,
                2.566666666666667,
                2.566666666666667,
                2.566666666666667,
                2.566666666666667,
                2.6,
                2.6,
                2.6666666666666665,
                2.7666666666666666,
                2.7666666666666666,
                2.6666666666666665
            ],
            "HackerNews": [
                9.241379310344827,
                11.068965517241379,
                7.344827586206897,
                5.724137931034483,
                7.689655172413793,
                9.448275862068966,
                10.96551724137931,
                12.482758620689655,
                11.241379310344827,
                6.896551724137931,
                5.448275862068965,
                5.448275862068965,
                4.586206896551724,
                7.517241379310345,
                8.89655172413793,
                7.689655172413793,
                11.413793103448276,
                9.275862068965518,
                6.0344827586206895,
                5.310344827586207,
                8.7,
                10.933333333333334,
                10.5,
                13.666666666666666,
                16.033333333333335,
                8.266666666666667,
                10.233333333333333,
                7.206896551724138,
                6.466666666666667,
                6.466666666666667,
                8.166666666666666,
                11.1
            ]
        }
    },
    "post_ages": {
        "average": {
            "DataTau": 141.41583333333335,
            "HackerNews": 7.876393326233581
        },
        "highest": {
            "DataTau": 528,
            "HackerNews": 24
        },
        "on_runs": {
            "DataTau": [
                172.23333333333332,
                174.1,
                191.9,
                140.03333333333333,
                141.13333333333333,
                127.26666666666667,
                129.96666666666667,
                132.66666666666666,
                124.96666666666667,
                134.86666666666667,
                128.70666666666665,
                114.0,
                115.1,
                117.0,
                119.7,
                121.6,
                125.1,
                127.8,
                132.8,
                137.6,
                138.4,
                140.0,
                142.4,
                144.0,
                147.2,
                150.4,
                157.6,
                161.6,
                155.23333333333332,
                156.13333333333333,
                158.66666666666666,
                165.13333333333333
            ],
            "HackerNews": [
                8.12241379310345,
                6.050574712643678,
                5.445977011494253,
                5.724137931034483,
                7.689655172413793,
                9.448275862068966,
                10.96551724137931,
                13.275862068965518,
                8.236781609195402,
                4.014367816091954,
                3.651149425287356,
                3.8885057471264366,
                4.586206896551724,
                7.517241379310345,
                8.89655172413793,
                7.045402298850575,
                10.057471264367814,
                6.576436781609195,
                5.152873563218391,
                5.310344827586207,
                7.0938888888888885,
                8.63888888888889,
                10.5,
                13.666666666666666,
                15.226666666666667,
                14.4,
                7.558333333333334,
                3.6126436781609197,
                4.5327777777777785,
                6.466666666666667,
                8.166666666666666,
                9.854444444444445
            ]
        }
    },
    "scores": {
        "average": {
            "DataTau": 10.527083333333334,
            "HackerNews": 110.61874334398296
        },
        "highest": {
            "DataTau": 23,
            "HackerNews": 1140
        },
        "on_runs": {
            "DataTau": [
                10.833333333333334,
                10.9,
                11.533333333333333,
                10.133333333333333,
                10.533333333333333,
                10.133333333333333,
                10.266666666666667,
                10.366666666666667,
                9.933333333333334,
                10.5,
                10.133333333333333,
                9.866666666666667,
                10.033333333333333,
                10.033333333333333,
                10.066666666666666,
                10.066666666666666,
                10.266666666666667,
                10.266666666666667,
                10.333333333333334,
                10.566666666666666,
                10.666666666666666,
                10.7,
                10.766666666666667,
                10.766666666666667,
                10.766666666666667,
                10.8,
                10.833333333333334,
                10.933333333333334,
                10.866666666666667,
                10.933333333333334,
                11.0,
                11.066666666666666
            ],