{
    "link_overlap": {
        "average": 0.0,
        "on_runs": [
            0,
            0,
            0,
            0,
            0,
            0,
            0,
            0,
            0,
            0,
            0,
            0,
            0,
            0,
            0,
            0,
            0,
            0,
            0,
            0,
            0,
            0,
            0,
            0,
            0,
            0,
            0,
            0
        ]
    },
    "new_posts": {
        "DataTau": [
            0,
            0,
            0,
            0,
            0,
            0,
            0,
            0,
            0,
            0,
            1,
            0,
            0,
            1,
            0,
            0,
            0,
            0,
            0,
            0,
            0,
            0,
            0,
            0,
            0,
            0,
            0
        ],
        "HackerNews": [
            1,
            1,
            2,
            3,
            11,
            11,
            4,
            8,
            6,
            4,
            1,
            1,
            2,
            1,
            5,
            5,
            2,
            1,
            4,
            7,
            5,
            3,
            2,
            1,
            2,
            6,
            6
        ]
    },
    "nr_of_comments": {
        "average": {
            "DataTau": 2.5559523809523808,
            "HackerNews": 9.530209617755856
        },
        "highest": {
            "DataTau": 16,
            "HackerNews": 59
        },
        "on_runs": {
            "DataTau": [
                2.6,
                2.6,
                2.6,
                2.6,
                2.6,
                2.6,
                2.6,
                2.6,
                2.6,
                2.6,
                2.6,
                2.5,
                2.5,
                2.5,
                2.533333333333333,
                2.533333333333333,
                2.533333333333333,
                2.533333333333333,
                2.533333333333333,
                2.533333333333333,
                2.533333333333333,
                2.533333333333333,
                2.533333333333333,
                2.533333333333333,
                2.533333333333333,
                2.533333333333333,
                2.533333333333333,
                2.533333333333333
            ],
            "HackerNews": [
                12.620689655172415,
                13.206896551724139,
                13.827586206896552,
                13.827586206896552,
                13.827586206896552,
                9.275862068965518,
                6.642857142857143,
                5.758620689655173,
                7.206896551724138,
                9.931034482758621,
                6.793103448275862,
                7.379310344827586,
                6.620689655172414,
                7.172413793103448,
                8.0,
                7.724137931034483,
                10.172413793103448,
                9.0,
                9.517241379310345,
                9.379310344827585,
                10.517241379310345,
                9.862068965517242,
                9.344827586206897,
                8.89655172413793,
                10.310344827586206,
                10.482758620689655,
                9.827586206896552,
                9.620689655172415
            ]
        }
    },
    "post_ages": {
        "average": {
            "DataTau": 164.31428571428572,
            "HackerNews": 9.253514180024663
        },
        "highest": {
            "DataTau": 432,
            "HackerNews": 24
        },
        "on_runs": {
            "DataTau": [
                152.0,
                152.8,
                152.8,
                153.6,
                153.6,
                155.2,
                157.6,
                160.8,
                162.4,
                164.0,
                164.0,
                155.2,
                156.0,
                157.6,
                168.0,
                168.0,
                168.0,
                168.0,
                168.8,
                171.2,
                171.2,
                172.0,
                172.8,
                173.6,
                174.4,
                175.2,
                176.0,
                176.0
            ],
            "HackerNews": [
                12.620689655172415,
                13.206896551724139,
                13.827586206896552,
                14.620689655172415,
                13.827586206896552,
                9.275862068965518,
                5.273214285714286,
                4.991954022988505,
                4.189080459770115,
                4.064942528735632,
                4.860344827586206,
                5.819540229885057,
                7.413793103448276,
                7.9655172413793105,
                8.793103448275861,
                7.724137931034483,
                9.066666666666666,
                9.793103448275861,
                10.310344827586206,
                10.172413793103448,
                8.855747126436782,
                9.014367816091953,
                9.05287356321839,
                9.689655172413794,
                11.10344827586207,
                11.275862068965518,
                11.88103448275862,
                10.270689655172415
            ]
        }
    },
    "scores": {
        "average": {
            "DataTau": 10.691666666666666,
            "HackerNews": 115.33785450061653
        },
        "highest": {
            "DataTau": 23,
            "HackerNews": 1203
        },
        "on_runs": {
            "DataTau": [
                10.5,
                10.5,
                10.5,
                10.5,
                10.533333333333333,
                10.533333333333333,
                10.566666666666666,
                10.566666666666666,
                10.566666666666666,
                10.566666666666666,
                10.566666666666666,
                10.3,
                10.333333333333334,
                10.366666666666667,
                10.833333333333334,
                10.833333333333334,
                10.833333333333334,
                10.833333333333334,
                10.833333333333334,
                10.833333333333334,
                10.833333333333334,
                10.9,
                10.9,
                10.9,
                10.966666666666667,
                10.966666666666667,
                11.0,
                11.0
            ],
            "HackerNews": [
                148.51724137931035,
                152.31034482758622,
                157.0344827586207,
                160.0,
                162.44827586206895,
                142.6551724137931,
                110.89285714285714,
                109.20689655172414,
                83.34482758620689,
                54.758620689655174,
                61.96551724137931,
                70.34482758620689,
                114.79310344827586,
                111.86206896551724,
                116.20689655172414,
                74.37931034482759,
                115.65517241379311,
                120.86206896551724,
                124.44827586206897,
                120.89655172413794,
                74.03448275862068,
                77.06896551724138,
                112.24137931034483,
                110.75862068965517,
                120.86206896551724,
                120.10344827586206,
                155.58620689655172,
                146.06896551724137
            ]
        }
    }
}